{
  "train_loss": [
    0.6651022834386042,
    0.646505055112208,
    0.6398296778331061,
    0.6407515557352192,
    0.6421059704256917,
    0.6437726506489312,
    0.6390416136246645,
    0.6396973325159842,
    0.6430065255604669,
    0.6473610261638083,
    0.5102983144935004,
    0.32749554221639654,
    0.24802376670326165,
    0.19294628197838642,
    0.15951189622282982,
    0.14596721181246586,
    0.11749639496923926,
    0.11281628617288951,
    0.08729860835945707,
    0.07689394325630101,
    0.06709610013709308,
    0.06561658926110318
  ],
  "train_acc": [
    0.6003006012024048,
    0.6256513026052104,
    0.6384769539078157,
    0.636372745490982,
    0.6335671342685371,
    0.6371743486973948,
    0.6414829659318637,
    0.6453907815631262,
    0.6443887775551103,
    0.6349699398797595,
    0.7439879759519038,
    0.8588176352705411,
    0.8957915831663327,
    0.9206412825651302,
    0.937374749498998,
    0.9414829659318638,
    0.9541082164328657,
    0.9574148296593187,
    0.9665330661322645,
    0.9690380761523046,
    0.9749498997995992,
    0.9751503006012024
  ],
  "val_loss": [
    0.6628977124936113,
    0.6530131068185111,
    0.6623133692785959,
    0.638824361172792,
    0.6497431404122682,
    0.6328674728625289,
    0.6355951650120387,
    0.63375747627187,
    0.6459995221868854,
    0.6416591677710275,
    0.5035151006532049,
    0.48233933350785035,
    0.5186766553382938,
    0.4875385643379049,
    0.5158917566079202,
    0.5052199293271786,
    0.6060992569666439,
    0.6201263450643084,
    0.5490193445015716,
    0.6252184599105276,
    0.6290969342943966,
    0.6771255563052423
  ],
  "val_acc": [
    0.5925233644859813,
    0.6126168224299066,
    0.6163551401869158,
    0.6383177570093458,
    0.6285046728971962,
    0.6481308411214953,
    0.641588785046729,
    0.6336448598130842,
    0.6144859813084113,
    0.6364485981308411,
    0.7799065420560748,
    0.8149532710280374,
    0.8126168224299065,
    0.8369158878504673,
    0.8556074766355141,
    0.8518691588785047,
    0.8355140186915888,
    0.8509345794392523,
    0.8593457943925233,
    0.861214953271028,
    0.8560747663551402,
    0.8495327102803738
  ],
  "lr": [
    0.001,
    0.001,
    0.001,
    0.001,
    0.001,
    0.001,
    0.001,
    0.001,
    0.001,
    0.001,
    0.0001,
    0.0001,
    0.0001,
    0.0001,
    0.0001,
    0.0001,
    0.0001,
    5e-05,
    5e-05,
    5e-05,
    5e-05,
    5e-05
  ]
}